{
    "web": {
        "client_id": "699371939814-lu4n3gkei4ms8uad4922rhrne2241avt.apps.googleusercontent.com",
        "project_id": "sga-proyectoabs",
        "auth_uri": "https://accounts.google.com/o/oauth2/auth",
        "token_uri": "https://oauth2.googleapis.com/token",
        "auth_provider_x509_cert_url": "https://www.googleapis.com/oauth2/v1/certs",
        "client_secret": "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",
        "redirect_uris": [
            "http://127.0.0.1:8000/google_login/google/authorized"
        ],
        "javascript_origins": [
            "http://127.0.0.1:8000"
        ]
    }
}